display_name,stub,dropdown_parent
Home,/,
About,,
About the Project,/about.html,About
Credits,/credits.html,About
Map,/map.html,
Spaces,,
Browse by Space Types,/spaces.html,Spaces
Browse by Library Systems,/locations.html,Spaces
Browse All Makerspaces,/browse.html,Spaces
Learn More,/spacetypes.html,Spaces
Listing,/data.html,
Resources,,
Resources for Libraries,/resourcesforlibraries.html,Resources
Resources for Makers,/resourcesformakers.html,Resources
Projects for Libraries,/projectsforlibraries.html,Resources for Libraries
Projects for Makers,/projectsformakers.html,Resources for Makers
